amfi_code,sector_hhi,fund_house,scheme_name,category,sub_category,plan,launch_date,benchmark,expense_ratio_pct,exit_load_pct,min_sip_amount,min_lumpsum_amount,fund_manager,risk_category,sebi_category_code
100016,1395.3386,HDFC Mutual Fund,HDFC Top 100 Fund - Regular Plan - Growth,Equity,Large Cap,Regular,1996-09-11,NIFTY 100 TRI,1.55,1.0,500,1000,Rahul Baijal,Moderate,EC01
100033,1475.9225999999999,HDFC Mutual Fund,HDFC Mid-Cap Opportunities Fund - Regular - Growth,Equity,Mid Cap,Regular,2007-06-25,NIFTY Midcap 150 TRI,1.38,1.0,500,1000,Chirag Setalvad,High,EC02
101206,1293.3173,Aditya Birla Sun Life MF,ABSL Frontline Equity Fund - Regular - Growth,Equity,Large Cap,Regular,2002-08-30,NIFTY 100 TRI,1.6,1.0,500,1000,Mahesh Patil,Moderate,EC01
101207,2007.0043,Aditya Birla Sun Life MF,ABSL Small Cap Fund - Regular - Growth,Equity,Small Cap,Regular,2007-05-31,BSE 250 SmallCap TRI,1.53,1.0,500,1000,Mircea Ciobanu,Very High,EC03
102885,1747.0902,UTI Mutual Fund,UTI Nifty 50 Index Fund - Regular - Growth,Equity,Index,Regular,2000-03-06,NIFTY 50 TRI,1.57,0.0,500,1000,Sharwan Kumar Goyal,Moderate,EI01
102886,1146.9284,UTI Mutual Fund,UTI Mid Cap Fund - Regular - Growth,Equity,Mid Cap,Regular,2004-04-07,NIFTY Midcap 150 TRI,1.51,1.0,500,1000,V Srivatsa,High,EC02
102887,1298.0494999999999,UTI Mutual Fund,UTI Flexi Cap Fund - Regular - Growth,Equity,Flexi Cap,Regular,2005-05-18,NIFTY 500 TRI,1.64,1.0,500,1000,Ajay Tyagi,Moderately High,EC04
118632,1682.982,Nippon India MF,Nippon India Large Cap Fund - Regular - Growth,Equity,Large Cap,Regular,2004-08-08,NIFTY 100 TRI,1.51,1.0,500,1000,Sailesh Raj Bhan,Moderate,EC01
118633,1214.6086,Nippon India MF,Nippon India Large Cap Fund - Direct - Growth,Equity,Large Cap,Direct,2013-01-01,NIFTY 100 TRI,0.72,1.0,500,1000,Sailesh Raj Bhan,Moderate,EC01
118634,1083.5772,Nippon India MF,Nippon India Small Cap Fund - Regular - Growth,Equity,Small Cap,Regular,2010-09-16,BSE 250 SmallCap TRI,1.53,1.0,500,1000,Samir Rachh,Very High,EC03
118635,1359.4415000000001,Nippon India MF,Nippon India ETF Nifty 50 BeES,Equity,Index/ETF,Direct,2001-12-28,NIFTY 50 TRI,0.89,0.0,500,100,Vishal Jain,Moderate,EI01
119092,2064.4766999999997,Axis Mutual Fund,Axis Bluechip Fund - Regular - Growth,Equity,Large Cap,Regular,2010-01-05,NIFTY 100 TRI,1.64,1.0,500,1000,Shreyash Devalkar,Moderate,EC01
119093,1308.9424,Axis Mutual Fund,Axis Bluechip Fund - Direct - Growth,Equity,Large Cap,Direct,2013-01-01,NIFTY 100 TRI,0.75,1.0,500,1000,Shreyash Devalkar,Moderate,EC01
119094,1364.0591000000002,Axis Mutual Fund,Axis Midcap Fund - Regular - Growth,Equity,Mid Cap,Regular,2011-02-18,NIFTY Midcap 50 TRI,1.38,1.0,500,1000,Jinesh Gopani,High,EC02
119095,1096.0535,Axis Mutual Fund,Axis Small Cap Fund - Regular - Growth,Equity,Small Cap,Regular,2013-11-29,BSE 250 SmallCap TRI,1.38,1.0,500,1000,Anupam Tiwari,Very High,EC03
119551,1187.1552,SBI Mutual Fund,SBI Bluechip Fund - Regular Plan - Growth,Equity,Large Cap,Regular,2006-02-14,NIFTY 100 TRI,1.54,1.0,500,1000,Sohini Andani,Moderate,EC01
119552,1080.1069,SBI Mutual Fund,SBI Bluechip Fund - Direct Plan - Growth,Equity,Large Cap,Direct,2013-01-01,NIFTY 100 TRI,0.66,1.0,500,1000,Sohini Andani,Moderate,EC01
119598,1073.4895000000001,SBI Mutual Fund,SBI Small Cap Fund - Regular Plan - Growth,Equity,Small Cap,Regular,2009-09-09,BSE 250 SmallCap TRI,1.43,1.0,500,1000,R. Srinivasan,Very High,EC03
119599,1747.5095999999999,SBI Mutual Fund,SBI Small Cap Fund - Direct Plan - Growth,Equity,Small Cap,Direct,2013-01-01,BSE 250 SmallCap TRI,0.72,1.0,500,1000,R. Srinivasan,Very High,EC03
120503,1408.7026,ICICI Prudential MF,ICICI Pru Bluechip Fund - Regular - Growth,Equity,Large Cap,Regular,2008-05-23,NIFTY 100 TRI,1.42,1.0,500,1000,Anish Tawakley,Moderate,EC01
120504,1086.7415,ICICI Prudential MF,ICICI Pru Bluechip Fund - Direct - Growth,Equity,Large Cap,Direct,2013-01-01,NIFTY 100 TRI,0.8,1.0,500,1000,Anish Tawakley,Moderate,EC01
120505,1575.7036,ICICI Prudential MF,ICICI Pru Midcap Fund - Regular - Growth,Equity,Mid Cap,Regular,2004-10-28,NIFTY Midcap 150 TRI,1.36,1.0,500,1000,Sankaran Naren,High,EC02
120506,1537.936,ICICI Prudential MF,ICICI Pru Value Discovery Fund - Regular - Growth,Equity,Value,Regular,2004-08-16,NIFTY 500 TRI,1.41,1.0,500,1000,Sankaran Naren,Moderately High,EC06
120841,1496.8035,Kotak Mahindra MF,Kotak Bluechip Fund - Regular - Growth,Equity,Large Cap,Regular,2005-12-29,NIFTY 100 TRI,1.59,1.0,500,1000,Harsha Upadhyaya,Moderate,EC01
120842,1274.3881,Kotak Mahindra MF,Kotak Emerging Equity Fund - Regular - Growth,Equity,Mid Cap,Regular,2007-03-30,NIFTY Midcap 150 TRI,1.56,1.0,500,1000,Pankaj Tibrewal,High,EC02
120843,1286.8306,Kotak Mahindra MF,Kotak Flexicap Fund - Regular - Growth,Equity,Flexi Cap,Regular,2009-08-11,NIFTY 500 TRI,1.45,1.0,500,1000,Pankaj Tibrewal,Moderately High,EC04
125497,1365.8554,HDFC Mutual Fund,HDFC Top 100 Fund - Direct Plan - Growth,Equity,Large Cap,Direct,2013-01-01,NIFTY 100 TRI,0.92,1.0,500,1000,Rahul Baijal,Moderate,EC01
125498,1524.1398,HDFC Mutual Fund,HDFC Mid-Cap Opportunities Fund - Direct - Growth,Equity,Mid Cap,Direct,2013-01-01,NIFTY Midcap 150 TRI,0.78,1.0,500,1000,Chirag Setalvad,High,EC02
148567,1385.8417,Mirae Asset MF,Mirae Asset Large Cap Fund - Regular - Growth,Equity,Large Cap,Regular,2008-04-04,NIFTY 100 TRI,1.46,1.0,500,1000,Gaurav Misra,Moderate,EC01
148568,1679.2973,Mirae Asset MF,Mirae Asset Emerging Bluechip Fund - Regular - Growth,Equity,Large & Mid Cap,Regular,2010-07-09,NIFTY Large Midcap 250 TRI,1.52,1.0,500,1000,Neelesh Surana,Moderately High,EC04
148569,1493.9642,Mirae Asset MF,Mirae Asset Tax Saver Fund - Regular - Growth,Equity,ELSS,Regular,2015-12-28,NIFTY 500 TRI,1.6,1.0,500,1000,Neelesh Surana,High,EC05
149322,1343.9797,DSP Mutual Fund,DSP Top 100 Equity Fund - Regular - Growth,Equity,Large Cap,Regular,2003-03-10,NIFTY 100 TRI,1.54,1.0,500,1000,Apoorva Shah,Moderate,EC01
149323,1416.2096,DSP Mutual Fund,DSP Midcap Fund - Regular - Growth,Equity,Mid Cap,Regular,2006-11-16,NIFTY Midcap 150 TRI,1.61,1.0,500,1000,Vinit Sambre,High,EC02
149324,1186.7710000000002,DSP Mutual Fund,DSP Small Cap Fund - Regular - Growth,Equity,Small Cap,Regular,2007-06-14,BSE 250 SmallCap TRI,1.52,1.0,500,1000,Vinit Sambre,Very High,EC03
